task_id,sentiment,confidence,timestamp
8655d0b7,positive,0.9328,2026-03-12T19:02:06.402075
70ff2be5,positive,0.8977,2026-03-12T19:02:10.589701
417fe71c,negative,0.7289,2026-03-12T19:02:14.781917
68971ab2,positive,0.958,2026-03-12T19:02:18.958251
57756360,negative,0.5014,2026-03-12T19:02:23.150681
d08aa111,positive,0.9792,2026-03-12T19:02:27.344758
f39e80da,neutral,0.5382,2026-03-12T19:02:31.513612
dc591241,negative,0.6411,2026-03-12T19:02:35.709827
a488219d,positive,0.5037,2026-03-12T19:02:39.909888
9ab44a17,positive,0.9737,2026-03-12T19:02:44.115110
